Order Date,Sales,Profit
2023-01-01,14518.055,2539.3907
2023-02-01,4519.892,862.3083999999999
2023-03-01,56933.909,693.4498999999997
2023-04-01,28295.345,3488.8352
2023-05-01,26319.767,3196.3918000000003
2023-06-01,34669.4796,4999.7594
2023-07-01,33946.393,-841.4826000000003
2023-08-01,28918.3385,5765.225
2023-09-01,82670.42880000001,8593.630199999998
2023-10-01,32413.339,3469.1749
2023-11-01,78826.9567,9362.955699999999
2023-12-01,72008.3085,9554.6571
2024-01-01,18461.9156,-3189.803
2024-02-01,11951.411,2813.8508
2024-03-01,39978.628,9930.6134
2024-04-01,34195.2085,4187.4962
2024-05-01,30246.946500000002,4677.137
2024-06-01,24797.292,3335.5572
2024-07-01,28765.325,3288.6483
2024-08-01,37057.0042,5371.627399999999
2024-09-01,64627.046,8220.025099999999
2024-10-01,31407.1335,2817.966
2024-11-01,75972.5635,12474.7884
2024-12-01,75532.5572,8093.0626999999995
2025-01-01,18830.331,2916.0233
2025-02-01,22978.815000000002,5004.5795
2025-03-01,53031.069,3707.8862
2025-04-01,38829.159,2991.6609000000003
2025-05-01,57042.838,8676.696399999999
2025-06-01,40937.148,4926.319399999999
2025-07-01,40300.498999999996,4559.882699999999
2025-08-01,31716.814300000002,2317.4993000000004
2025-09-01,73521.6629,9370.103099999998
2025-10-01,59831.001000000004,16256.842200000001
2025-11-01,79411.9658,4011.4074999999993
2025-12-01,97502.277,17926.3013
2026-01-01,44259.214,7231.639099999999
2026-02-01,20301.1334,1613.8719999999996
2026-03-01,60728.4808,15013.091
2026-04-01,36779.0361,957.5299999999995
2026-05-01,45155.4822,6299.807199999999
2026-06-01,53056.0777,8246.5707
2026-07-01,45989.496,7006.5012
2026-08-01,64129.758,9488.0722
2026-09-01,88064.532,11050.8024
2026-10-01,83474.7832,10670.5312
2026-11-01,118454.505,9692.1037
2026-12-01,85175.0328,8655.8269
