Sub-Category,Sales,Profit
Tables,208020.182,-17753.2061
Bookcases,115361.2043,-3632.0736000000015
Supplies,46725.498,-1171.3944999999999
Fasteners,8532.24,2428.6358
Machines,189925.031,3461.9768999999987
Labels,12695.042,5572.778
Art,27659.014,6653.1962
Envelopes,16528.362,6988.0247
Furnishings,95598.126,13891.743
Appliances,108213.185,18329.4844
Storage,224644.554,21285.1115
Chairs,335768.249,27223.532299999995
Binders,207354.881,31426.1003
Paper,79540.538,34511.507
Accessories,167380.318,41936.6357
Phones,331842.64,45050.8265
Copiers,150745.29,56093.9365
