Product Name,Sales,Profit
Canon imageCLASS 2200 Advanced Copier,61599.824,25199.928
Fellowes PB500 Electric Punch Plastic Comb Binding Machine with Manual Bind,27453.384,7753.039
Cisco TelePresence System EX90 Videoconferencing Unit,22638.48,-1811.0784
HON 5400 Series Task Chairs for Big and Tall,21870.576,1.1368683772161603e-13
GBC DocuBind TL300 Electric Binding System,19823.479,2233.5051000000003
GBC Ibimaster 500 Manual ProClick Binding System,19024.5,760.9799999999998
Hewlett Packard LaserJet 3310 Copier,18839.686,6983.8836
"HP Designjet T520 Inkjet Large Format Printer - 24"" Color",18374.895,4094.9766
GBC DocuBind P400 Electric Binding System,17965.068,-1878.1662000000006
High Speed Automatic Electric Letter Opener,17030.311999999998,-262.00480000000005
